"id","impl_parent_id","impl_parent_genre","impl_child_id","impl_child_genre","created_at","updated_at"
1,2,"country",3,"provider","2015-11-27 21:38:34.895317","2015-11-27 21:38:34.895317"
2,2,"country",4,"data_provider","2015-11-27 21:38:35.255703","2015-11-27 21:38:35.255703"
4,2,"country",5,"data_provider","2015-11-27 21:38:35.280732","2015-11-27 21:38:35.280732"
6,2,"country",6,"data_provider","2015-11-27 21:38:35.30587","2015-11-27 21:38:35.30587"
8,2,"country",7,"data_provider","2015-11-27 21:38:35.33068","2015-11-27 21:38:35.33068"
10,2,"country",8,"data_provider","2015-11-27 21:38:35.355557","2015-11-27 21:38:35.355557"
14,2,"country",10,"data_provider","2015-11-27 21:38:35.40575","2015-11-27 21:38:35.40575"
16,2,"country",11,"data_provider","2015-11-27 21:38:35.430657","2015-11-27 21:38:35.430657"
18,2,"country",12,"data_provider","2015-11-27 21:38:35.455902","2015-11-27 21:38:35.455902"
20,2,"country",13,"data_provider","2015-11-27 21:38:35.480595","2015-11-27 21:38:35.480595"
22,2,"country",14,"data_provider","2015-11-27 21:38:35.506189","2015-11-27 21:38:35.506189"
24,2,"country",15,"data_provider","2015-11-27 21:38:35.559901","2015-11-27 21:38:35.559901"
26,2,"country",16,"data_provider","2015-11-27 21:38:35.58899","2015-11-27 21:38:35.58899"
28,2,"country",17,"data_provider","2015-11-27 21:38:35.61388","2015-11-27 21:38:35.61388"
30,2,"country",18,"data_provider","2015-11-27 21:38:35.638881","2015-11-27 21:38:35.638881"
32,2,"country",19,"data_provider","2015-11-27 21:38:35.664005","2015-11-27 21:38:35.664005"
34,2,"country",20,"data_provider","2015-11-27 21:38:35.688842","2015-11-27 21:38:35.688842"
36,2,"country",21,"data_provider","2015-11-27 21:38:35.713918","2015-11-27 21:38:35.713918"
38,2,"country",22,"data_provider","2015-11-27 21:38:35.738782","2015-11-27 21:38:35.738782"
44,2,"country",25,"data_provider","2015-11-27 21:38:35.813771","2015-11-27 21:38:35.813771"
46,2,"country",26,"data_provider","2015-11-27 21:38:35.838767","2015-11-27 21:38:35.838767"
48,2,"country",27,"data_provider","2015-11-27 21:38:35.863824","2015-11-27 21:38:35.863824"
50,2,"country",28,"data_provider","2015-11-27 21:38:35.888861","2015-11-27 21:38:35.888861"
54,2,"country",30,"data_provider","2015-11-27 21:38:35.986402","2015-11-27 21:38:35.986402"
56,2,"country",31,"data_provider","2015-11-27 21:38:36.013843","2015-11-27 21:38:36.013843"
58,2,"country",32,"data_provider","2015-11-27 21:38:36.038769","2015-11-27 21:38:36.038769"
60,2,"country",33,"data_provider","2015-11-27 21:38:36.063855","2015-11-27 21:38:36.063855"
62,2,"country",34,"data_provider","2015-11-27 21:38:36.08903","2015-11-27 21:38:36.08903"
64,2,"country",35,"data_provider","2015-11-27 21:38:36.113965","2015-11-27 21:38:36.113965"
68,2,"country",37,"data_provider","2015-11-27 21:38:36.164094","2015-11-27 21:38:36.164094"
70,2,"country",38,"data_provider","2015-11-27 21:38:36.197419","2015-11-27 21:38:36.197419"
72,2,"country",39,"data_provider","2015-11-27 21:38:36.222359","2015-11-27 21:38:36.222359"
74,2,"country",40,"data_provider","2015-11-27 21:38:36.247202","2015-11-27 21:38:36.247202"
76,2,"country",41,"data_provider","2015-11-27 21:38:36.272098","2015-11-27 21:38:36.272098"
78,2,"country",42,"data_provider","2015-11-27 21:38:36.297156","2015-11-27 21:38:36.297156"
82,2,"country",44,"data_provider","2015-11-27 21:38:36.349486","2015-11-27 21:38:36.349486"
84,2,"country",45,"data_provider","2015-11-27 21:38:36.3725","2015-11-27 21:38:36.3725"
86,2,"country",46,"data_provider","2015-11-27 21:38:36.405794","2015-11-27 21:38:36.405794"
88,2,"country",47,"data_provider","2015-11-27 21:38:36.43083","2015-11-27 21:38:36.43083"
90,2,"country",48,"data_provider","2015-11-27 21:38:36.45584","2015-11-27 21:38:36.45584"
92,2,"country",49,"data_provider","2015-11-27 21:38:36.48072","2015-11-27 21:38:36.48072"
94,2,"country",50,"data_provider","2015-11-27 21:38:36.505776","2015-11-27 21:38:36.505776"
96,2,"country",51,"data_provider","2015-11-27 21:38:36.530709","2015-11-27 21:38:36.530709"
98,2,"country",52,"data_provider","2015-11-27 21:38:36.555988","2015-11-27 21:38:36.555988"
9193,115,"provider",4295,"data_provider","2016-03-04 18:40:13.525507","2016-03-04 18:40:13.525507"
102,2,"country",54,"data_provider","2015-11-27 21:38:36.606331","2015-11-27 21:38:36.606331"
106,2,"country",56,"data_provider","2015-11-27 21:38:36.680845","2015-11-27 21:38:36.680845"
108,2,"country",57,"data_provider","2015-11-27 21:38:36.714035","2015-11-27 21:38:36.714035"
110,2,"country",58,"data_provider","2015-11-27 21:38:36.797585","2015-11-27 21:38:36.797585"
118,2,"country",62,"data_provider","2015-11-27 21:38:36.964306","2015-11-27 21:38:36.964306"
120,2,"country",63,"data_provider","2015-11-27 21:38:36.989158","2015-11-27 21:38:36.989158"
122,2,"country",64,"data_provider","2015-11-27 21:38:37.027749","2015-11-27 21:38:37.027749"
124,2,"country",65,"data_provider","2015-11-27 21:38:37.077671","2015-11-27 21:38:37.077671"
126,2,"country",66,"data_provider","2015-11-27 21:38:37.127676","2015-11-27 21:38:37.127676"
128,2,"country",67,"data_provider","2015-11-27 21:38:37.155978","2015-11-27 21:38:37.155978"
132,2,"country",69,"data_provider","2015-11-27 21:38:37.256039","2015-11-27 21:38:37.256039"
134,2,"country",70,"data_provider","2015-11-27 21:38:37.280941","2015-11-27 21:38:37.280941"
136,2,"country",71,"data_provider","2015-11-27 21:38:37.305728","2015-11-27 21:38:37.305728"
138,2,"country",72,"data_provider","2015-11-27 21:38:37.331021","2015-11-27 21:38:37.331021"
140,2,"country",73,"data_provider","2015-11-27 21:38:37.355835","2015-11-27 21:38:37.355835"
142,2,"country",74,"data_provider","2015-11-27 21:38:37.409244","2015-11-27 21:38:37.409244"
144,2,"country",75,"data_provider","2015-11-27 21:38:37.439202","2015-11-27 21:38:37.439202"
148,2,"country",77,"data_provider","2015-11-27 21:38:37.489154","2015-11-27 21:38:37.489154"
152,2,"country",79,"data_provider","2015-11-27 21:38:37.539121","2015-11-27 21:38:37.539121"
154,2,"country",80,"data_provider","2015-11-27 21:38:37.564035","2015-11-27 21:38:37.564035"
158,2,"country",82,"data_provider","2015-11-27 21:38:37.614022","2015-11-27 21:38:37.614022"
160,2,"country",83,"data_provider","2015-11-27 21:38:37.638987","2015-11-27 21:38:37.638987"
162,2,"country",84,"data_provider","2015-11-27 21:38:37.664214","2015-11-27 21:38:37.664214"
164,2,"country",85,"data_provider","2015-11-27 21:38:37.68918","2015-11-27 21:38:37.68918"
166,2,"country",86,"data_provider","2015-11-27 21:38:37.714181","2015-11-27 21:38:37.714181"
168,2,"country",87,"data_provider","2015-11-27 21:38:37.739005","2015-11-27 21:38:37.739005"
172,2,"country",89,"data_provider","2015-11-27 21:38:37.840654","2015-11-27 21:38:37.840654"
174,2,"country",90,"data_provider","2015-11-27 21:38:37.864553","2015-11-27 21:38:37.864553"
176,2,"country",91,"provider","2015-11-27 21:38:37.889104","2015-11-27 21:38:37.889104"
177,2,"country",92,"data_provider","2015-11-27 21:38:38.155779","2015-11-27 21:38:38.155779"
179,2,"country",93,"data_provider","2015-11-27 21:38:38.180826","2015-11-27 21:38:38.180826"
181,2,"country",94,"data_provider","2015-11-27 21:38:38.205758","2015-11-27 21:38:38.205758"
183,2,"country",95,"data_provider","2015-11-27 21:38:38.230676","2015-11-27 21:38:38.230676"
185,2,"country",96,"data_provider","2015-11-27 21:38:38.256131","2015-11-27 21:38:38.256131"
187,2,"country",97,"provider","2015-11-27 21:38:38.280804","2015-11-27 21:38:38.280804"
188,2,"country",98,"data_provider","2015-11-27 21:38:38.477655","2015-11-27 21:38:38.477655"
192,2,"country",100,"data_provider","2015-11-27 21:38:38.530795","2015-11-27 21:38:38.530795"
194,2,"country",101,"provider","2015-11-27 21:38:38.55585","2015-11-27 21:38:38.55585"
195,2,"country",102,"data_provider","2015-11-27 21:38:38.672465","2015-11-27 21:38:38.672465"
197,2,"country",103,"provider","2015-11-27 21:38:38.697461","2015-11-27 21:38:38.697461"
205,2,"country",107,"provider","2015-11-27 21:38:39.014375","2015-11-27 21:38:39.014375"
206,2,"country",108,"data_provider","2015-11-27 21:38:39.16421","2015-11-27 21:38:39.16421"
208,2,"country",109,"provider","2015-11-27 21:38:39.189271","2015-11-27 21:38:39.189271"
209,2,"country",110,"data_provider","2015-11-27 21:38:39.319734","2015-11-27 21:38:39.319734"
211,2,"country",111,"data_provider","2015-11-27 21:38:39.347513","2015-11-27 21:38:39.347513"
213,2,"country",112,"data_provider","2015-11-27 21:38:39.37247","2015-11-27 21:38:39.37247"
215,2,"country",113,"provider","2015-11-27 21:38:39.397554","2015-11-27 21:38:39.397554"
216,2,"country",114,"data_provider","2015-11-27 21:38:39.545253","2015-11-27 21:38:39.545253"
218,2,"country",115,"provider","2015-11-27 21:38:39.572433","2015-11-27 21:38:39.572433"
219,115,"provider",5,"data_provider","2015-11-27 21:38:39.713499","2015-11-27 21:38:39.713499"
220,2,"country",116,"data_provider","2015-11-27 21:38:39.730937","2015-11-27 21:38:39.730937"
221,115,"provider",116,"data_provider","2015-11-27 21:38:39.738953","2015-11-27 21:38:39.738953"
224,2,"country",118,"provider","2015-11-27 21:38:39.780816","2015-11-27 21:38:39.780816"
225,2,"country",119,"data_provider","2015-11-27 21:38:39.903484","2015-11-27 21:38:39.903484"
229,2,"country",121,"provider","2015-11-27 21:38:39.955836","2015-11-27 21:38:39.955836"
230,2,"country",122,"data_provider","2015-11-27 21:38:40.072485","2015-11-27 21:38:40.072485"
232,2,"country",123,"provider","2015-11-27 21:38:40.097376","2015-11-27 21:38:40.097376"
233,2,"country",124,"data_provider","2015-11-27 21:38:40.24496","2015-11-27 21:38:40.24496"
235,2,"country",125,"data_provider","2015-11-27 21:38:40.272484","2015-11-27 21:38:40.272484"
237,2,"country",126,"provider","2015-11-27 21:38:40.297461","2015-11-27 21:38:40.297461"
238,2,"country",127,"data_provider","2015-11-27 21:38:40.414435","2015-11-27 21:38:40.414435"
240,2,"country",128,"data_provider","2015-11-27 21:38:40.472515","2015-11-27 21:38:40.472515"
242,2,"country",129,"provider","2015-11-27 21:38:40.497523","2015-11-27 21:38:40.497523"
244,2,"country",130,"data_provider","2015-11-27 21:38:40.63095","2015-11-27 21:38:40.63095"
246,2,"country",131,"provider","2015-11-27 21:38:40.655772","2015-11-27 21:38:40.655772"
247,2,"country",132,"provider","2015-11-27 21:38:40.778426","2015-11-27 21:38:40.778426"
248,2,"country",133,"data_provider","2015-11-27 21:38:40.895147","2015-11-27 21:38:40.895147"
250,2,"country",134,"provider","2015-11-27 21:38:40.922369","2015-11-27 21:38:40.922369"
251,2,"country",135,"data_provider","2015-11-27 21:38:41.064347","2015-11-27 21:38:41.064347"
253,2,"country",136,"provider","2015-11-27 21:38:41.089184","2015-11-27 21:38:41.089184"
254,2,"country",137,"data_provider","2015-11-27 21:38:41.239294","2015-11-27 21:38:41.239294"
256,2,"country",138,"provider","2015-11-27 21:38:41.264195","2015-11-27 21:38:41.264195"
257,2,"country",139,"data_provider","2015-11-27 21:38:41.391287","2015-11-27 21:38:41.391287"
259,2,"country",140,"provider","2015-11-27 21:38:41.414275","2015-11-27 21:38:41.414275"
260,2,"country",141,"data_provider","2015-11-27 21:38:41.555901","2015-11-27 21:38:41.555901"
262,2,"country",142,"provider","2015-11-27 21:38:41.580759","2015-11-27 21:38:41.580759"
263,2,"country",143,"data_provider","2015-11-27 21:38:41.72305","2015-11-27 21:38:41.72305"
265,2,"country",144,"provider","2015-11-27 21:38:41.798472","2015-11-27 21:38:41.798472"
266,2,"country",145,"data_provider","2015-11-27 21:38:41.92294","2015-11-27 21:38:41.92294"
268,2,"country",146,"data_provider","2015-11-27 21:38:41.972765","2015-11-27 21:38:41.972765"
270,2,"country",147,"provider","2015-11-27 21:38:42.022823","2015-11-27 21:38:42.022823"
271,2,"country",148,"data_provider","2015-11-27 21:38:42.172788","2015-11-27 21:38:42.172788"
273,2,"country",149,"provider","2015-11-27 21:38:42.222876","2015-11-27 21:38:42.222876"
276,2,"country",151,"data_provider","2015-11-27 21:38:42.504966","2015-11-27 21:38:42.504966"
278,2,"country",152,"provider","2015-11-27 21:38:42.554081","2015-11-27 21:38:42.554081"
279,2,"country",153,"data_provider","2015-11-27 21:38:42.706329","2015-11-27 21:38:42.706329"
281,2,"country",154,"provider","2015-11-27 21:38:42.73092","2015-11-27 21:38:42.73092"
282,2,"country",155,"data_provider","2015-11-27 21:38:42.878811","2015-11-27 21:38:42.878811"
284,2,"country",156,"provider","2015-11-27 21:38:42.90595","2015-11-27 21:38:42.90595"
285,2,"country",157,"data_provider","2015-11-27 21:38:43.039579","2015-11-27 21:38:43.039579"
287,2,"country",158,"provider","2015-11-27 21:38:43.064501","2015-11-27 21:38:43.064501"
288,2,"country",159,"provider","2015-11-27 21:38:43.189421","2015-11-27 21:38:43.189421"
289,2,"country",160,"data_provider","2015-11-27 21:38:43.314557","2015-11-27 21:38:43.314557"
291,2,"country",161,"provider","2015-11-27 21:38:43.339394","2015-11-27 21:38:43.339394"
293,2,"country",162,"provider","2015-11-27 21:38:43.472955","2015-11-27 21:38:43.472955"
294,2,"country",163,"data_provider","2015-11-27 21:38:43.589937","2015-11-27 21:38:43.589937"
296,2,"country",164,"data_provider","2015-11-27 21:38:43.631303","2015-11-27 21:38:43.631303"
298,2,"country",165,"data_provider","2015-11-27 21:38:43.655883","2015-11-27 21:38:43.655883"
300,2,"country",166,"provider","2015-11-27 21:38:43.681088","2015-11-27 21:38:43.681088"
301,2,"country",167,"data_provider","2015-11-27 21:38:43.820377","2015-11-27 21:38:43.820377"
303,2,"country",168,"provider","2015-11-27 21:38:43.847551","2015-11-27 21:38:43.847551"
304,2,"country",169,"provider","2015-11-27 21:38:43.981095","2015-11-27 21:38:43.981095"
305,2,"country",170,"data_provider","2015-11-27 21:38:44.103823","2015-11-27 21:38:44.103823"
307,2,"country",171,"provider","2015-11-27 21:38:44.161906","2015-11-27 21:38:44.161906"
309,2,"country",172,"provider","2015-11-27 21:38:44.297825","2015-11-27 21:38:44.297825"
310,2,"country",173,"data_provider","2015-11-27 21:38:44.463277","2015-11-27 21:38:44.463277"
312,2,"country",174,"provider","2015-11-27 21:38:44.50601","2015-11-27 21:38:44.50601"
313,2,"country",175,"data_provider","2015-11-27 21:38:44.789509","2015-11-27 21:38:44.789509"
315,2,"country",176,"provider","2015-11-27 21:38:44.814625","2015-11-27 21:38:44.814625"
316,2,"country",177,"provider","2015-11-27 21:38:44.948175","2015-11-27 21:38:44.948175"
317,2,"country",178,"data_provider","2015-11-27 21:38:45.064434","2015-11-27 21:38:45.064434"
319,2,"country",179,"provider","2015-11-27 21:38:45.089334","2015-11-27 21:38:45.089334"
320,2,"country",180,"data_provider","2015-11-27 21:38:45.222806","2015-11-27 21:38:45.222806"
322,2,"country",181,"provider","2015-11-27 21:38:45.247648","2015-11-27 21:38:45.247648"
323,2,"country",182,"data_provider","2015-11-27 21:38:45.381104","2015-11-27 21:38:45.381104"
325,2,"country",183,"data_provider","2015-11-27 21:38:45.405869","2015-11-27 21:38:45.405869"
327,2,"country",184,"provider","2015-11-27 21:38:45.431043","2015-11-27 21:38:45.431043"
328,2,"country",185,"data_provider","2015-11-27 21:38:45.549703","2015-11-27 21:38:45.549703"
330,2,"country",186,"provider","2015-11-27 21:38:45.581062","2015-11-27 21:38:45.581062"
331,2,"country",187,"data_provider","2015-11-27 21:38:45.705966","2015-11-27 21:38:45.705966"
333,2,"country",188,"provider","2015-11-27 21:38:45.73099","2015-11-27 21:38:45.73099"
334,2,"country",189,"provider","2015-11-27 21:38:45.837025","2015-11-27 21:38:45.837025"
335,2,"country",190,"data_provider","2015-11-27 21:38:45.962077","2015-11-27 21:38:45.962077"
337,2,"country",191,"provider","2015-11-27 21:38:46.02268","2015-11-27 21:38:46.02268"
338,2,"country",192,"data_provider","2015-11-27 21:38:46.14156","2015-11-27 21:38:46.14156"
340,2,"country",193,"provider","2015-11-27 21:38:46.181363","2015-11-27 21:38:46.181363"
341,2,"country",194,"provider","2015-11-27 21:38:46.331108","2015-11-27 21:38:46.331108"
344,2,"country",196,"provider","2015-11-27 21:38:46.523002","2015-11-27 21:38:46.523002"
345,2,"country",197,"data_provider","2015-11-27 21:38:46.689776","2015-11-27 21:38:46.689776"
347,2,"country",198,"provider","2015-11-27 21:38:46.731149","2015-11-27 21:38:46.731149"
348,2,"country",199,"data_provider","2015-11-27 21:38:46.87927","2015-11-27 21:38:46.87927"
350,200,"country",91,"provider","2015-11-27 21:55:46.744301","2015-11-27 21:55:46.744301"
351,200,"country",201,"data_provider","2015-11-27 21:55:47.070018","2015-11-27 21:55:47.070018"
353,200,"country",202,"data_provider","2015-11-27 21:55:47.119716","2015-11-27 21:55:47.119716"
355,200,"country",203,"data_provider","2015-11-27 21:55:47.152729","2015-11-27 21:55:47.152729"
357,200,"country",204,"provider","2015-11-27 21:55:47.177749","2015-11-27 21:55:47.177749"
358,200,"country",205,"data_provider","2015-11-27 21:55:47.361018","2015-11-27 21:55:47.361018"
360,200,"country",206,"data_provider","2015-11-27 21:55:47.386114","2015-11-27 21:55:47.386114"
362,200,"country",207,"data_provider","2015-11-27 21:55:47.41104","2015-11-27 21:55:47.41104"
364,200,"country",208,"data_provider","2015-11-27 21:55:47.436042","2015-11-27 21:55:47.436042"
366,200,"country",209,"data_provider","2015-11-27 21:55:47.461231","2015-11-27 21:55:47.461231"
368,200,"country",210,"data_provider","2015-11-27 21:55:47.486147","2015-11-27 21:55:47.486147"
370,200,"country",211,"data_provider","2015-11-27 21:55:47.511022","2015-11-27 21:55:47.511022"
372,200,"country",212,"provider","2015-11-27 21:55:47.536067","2015-11-27 21:55:47.536067"
373,200,"country",213,"data_provider","2015-11-27 21:55:47.69838","2015-11-27 21:55:47.69838"
375,200,"country",214,"provider","2015-11-27 21:55:47.719379","2015-11-27 21:55:47.719379"
376,200,"country",215,"data_provider","2015-11-27 21:55:47.852913","2015-11-27 21:55:47.852913"
378,200,"country",216,"provider","2015-11-27 21:55:47.877575","2015-11-27 21:55:47.877575"
379,200,"country",217,"data_provider","2015-11-27 21:55:48.002842","2015-11-27 21:55:48.002842"
381,200,"country",218,"provider","2015-11-27 21:55:48.027551","2015-11-27 21:55:48.027551"
382,200,"country",219,"data_provider","2015-11-27 21:55:48.169502","2015-11-27 21:55:48.169502"
384,200,"country",171,"provider","2015-11-27 21:55:48.186549","2015-11-27 21:55:48.186549"
389,200,"country",222,"data_provider","2015-11-27 21:55:48.360961","2015-11-27 21:55:48.360961"
391,200,"country",223,"data_provider","2015-11-27 21:55:48.387775","2015-11-27 21:55:48.387775"
393,200,"country",115,"provider","2015-11-27 21:55:48.403294","2015-11-27 21:55:48.403294"
394,200,"country",224,"data_provider","2015-11-27 21:55:48.536503","2015-11-27 21:55:48.536503"
395,115,"provider",224,"data_provider","2015-11-27 21:55:48.544249","2015-11-27 21:55:48.544249"
396,200,"country",103,"provider","2015-11-27 21:55:48.55309","2015-11-27 21:55:48.55309"
397,200,"country",225,"data_provider","2015-11-27 21:55:48.669325","2015-11-27 21:55:48.669325"
399,200,"country",129,"provider","2015-11-27 21:55:48.686507","2015-11-27 21:55:48.686507"
400,200,"country",226,"data_provider","2015-11-27 21:55:48.801964","2015-11-27 21:55:48.801964"
402,200,"country",227,"data_provider","2015-11-27 21:55:48.827626","2015-11-27 21:55:48.827626"
404,200,"country",228,"provider","2015-11-27 21:55:48.85278","2015-11-27 21:55:48.85278"
405,200,"country",229,"data_provider","2015-11-27 21:55:48.986105","2015-11-27 21:55:48.986105"
407,200,"country",230,"provider","2015-11-27 21:55:49.011131","2015-11-27 21:55:49.011131"
408,200,"country",231,"data_provider","2015-11-27 21:55:49.1438","2015-11-27 21:55:49.1438"
410,200,"country",232,"provider","2015-11-27 21:55:49.169379","2015-11-27 21:55:49.169379"
411,200,"country",233,"data_provider","2015-11-27 21:55:49.293656","2015-11-27 21:55:49.293656"
413,200,"country",234,"provider","2015-11-27 21:55:49.319364","2015-11-27 21:55:49.319364"
414,200,"country",235,"data_provider","2015-11-27 21:55:49.43613","2015-11-27 21:55:49.43613"
416,200,"country",236,"data_provider","2015-11-27 21:55:49.461072","2015-11-27 21:55:49.461072"
418,200,"country",237,"data_provider","2015-11-27 21:55:49.486575","2015-11-27 21:55:49.486575"
420,200,"country",126,"provider","2015-11-27 21:55:49.511502","2015-11-27 21:55:49.511502"
421,200,"country",238,"data_provider","2015-11-27 21:55:49.652974","2015-11-27 21:55:49.652974"
423,200,"country",181,"provider","2015-11-27 21:55:49.669838","2015-11-27 21:55:49.669838"
424,200,"country",239,"data_provider","2015-11-27 21:55:49.802908","2015-11-27 21:55:49.802908"
426,200,"country",240,"data_provider","2015-11-27 21:55:49.827909","2015-11-27 21:55:49.827909"
428,200,"country",97,"provider","2015-11-27 21:55:49.844727","2015-11-27 21:55:49.844727"
431,200,"country",241,"data_provider","2015-11-27 21:55:49.986063","2015-11-27 21:55:49.986063"
433,200,"country",242,"provider","2015-11-27 21:55:50.01148","2015-11-27 21:55:50.01148"
434,200,"country",243,"data_provider","2015-11-27 21:55:50.136035","2015-11-27 21:55:50.136035"
436,200,"country",244,"data_provider","2015-11-27 21:55:50.161095","2015-11-27 21:55:50.161095"
438,200,"country",121,"provider","2015-11-27 21:55:50.178272","2015-11-27 21:55:50.178272"
439,200,"country",245,"data_provider","2015-11-27 21:55:50.302872","2015-11-27 21:55:50.302872"
448,200,"country",161,"provider","2015-11-27 21:55:50.611991","2015-11-27 21:55:50.611991"
449,200,"country",249,"data_provider","2015-11-27 21:55:50.735327","2015-11-27 21:55:50.735327"
451,200,"country",250,"data_provider","2015-11-27 21:55:50.762604","2015-11-27 21:55:50.762604"
453,200,"country",251,"provider","2015-11-27 21:55:50.786154","2015-11-27 21:55:50.786154"
454,200,"country",252,"data_provider","2015-11-27 21:55:50.894399","2015-11-27 21:55:50.894399"
9216,2,"country",4309,"data_provider","2016-03-04 18:40:13.78291","2016-03-04 18:40:13.78291"
9235,2,"country",4319,"data_provider","2016-03-04 18:40:13.962524","2016-03-04 18:40:13.962524"
9247,2,"country",4324,"data_provider","2016-03-04 18:40:14.034599","2016-03-04 18:40:14.034599"
9265,2,"country",4334,"data_provider","2016-03-04 18:40:14.137147","2016-03-04 18:40:14.137147"
9283,2,"country",4341,"data_provider","2016-03-04 18:40:14.2609","2016-03-04 18:40:14.2609"
9296,2,"country",4348,"data_provider","2016-03-04 18:40:14.354059","2016-03-04 18:40:14.354059"
9318,2,"country",4359,"data_provider","2016-03-04 18:40:14.505914","2016-03-04 18:40:14.505914"
9326,2,"country",4362,"data_provider","2016-03-04 18:40:14.59146","2016-03-04 18:40:14.59146"
9346,2,"country",4371,"data_provider","2016-03-04 18:40:14.693593","2016-03-04 18:40:14.693593"
9366,2,"country",4380,"data_provider","2016-03-04 18:40:14.76859","2016-03-04 18:40:14.76859"
957,115,"provider",468,"data_provider","2015-11-28 14:15:56.460634","2015-11-28 14:15:56.460634"
1238,631,"provider",632,"data_provider","2015-11-29 15:38:31.410417","2015-11-29 15:38:31.410417"
9277,115,"provider",4336,"data_provider","2016-03-04 18:40:14.210478","2016-03-04 18:40:14.210478"
9293,115,"provider",4345,"data_provider","2016-03-04 18:40:14.294613","2016-03-04 18:40:14.294613"
9308,115,"provider",4353,"data_provider","2016-03-04 18:40:14.445389","2016-03-04 18:40:14.445389"
9319,115,"provider",4358,"data_provider","2016-03-04 18:40:14.51072","2016-03-04 18:40:14.51072"
9337,115,"provider",4365,"data_provider","2016-03-04 18:40:14.621567","2016-03-04 18:40:14.621567"
9357,115,"provider",4374,"data_provider","2016-03-04 18:40:14.74066","2016-03-04 18:40:14.74066"
9380,115,"provider",4385,"data_provider","2016-03-04 18:40:14.86694","2016-03-04 18:40:14.86694"
9389,115,"provider",4391,"data_provider","2016-03-04 18:40:14.936266","2016-03-04 18:40:14.936266"
9400,115,"provider",4396,"data_provider","2016-03-04 18:40:14.987776","2016-03-04 18:40:14.987776"
9413,115,"provider",4402,"data_provider","2016-03-04 18:40:15.107237","2016-03-04 18:40:15.107237"
9427,115,"provider",4410,"data_provider","2016-03-04 18:40:15.174295","2016-03-04 18:40:15.174295"
9440,115,"provider",4417,"data_provider","2016-03-04 18:40:15.231749","2016-03-04 18:40:15.231749"
9458,115,"provider",4424,"data_provider","2016-03-04 18:40:15.384119","2016-03-04 18:40:15.384119"
9474,115,"provider",4431,"data_provider","2016-03-04 18:40:15.478335","2016-03-04 18:40:15.478335"
9489,115,"provider",4439,"data_provider","2016-03-04 18:40:15.56527","2016-03-04 18:40:15.56527"
9508,115,"provider",4449,"data_provider","2016-03-04 18:40:15.65685","2016-03-04 18:40:15.65685"
9527,115,"provider",4459,"data_provider","2016-03-04 18:40:15.777517","2016-03-04 18:40:15.777517"
1931,115,"provider",944,"data_provider","2015-11-30 09:59:31.247548","2015-11-30 09:59:31.247548"
1933,115,"provider",959,"data_provider","2015-11-30 09:59:31.276252","2015-11-30 09:59:31.276252"
2029,115,"provider",999,"data_provider","2015-12-02 13:26:27.01866","2015-12-02 13:26:27.01866"
9378,2,"country",4387,"data_provider","2016-03-04 18:40:14.855958","2016-03-04 18:40:14.855958"
9390,2,"country",4392,"data_provider","2016-03-04 18:40:14.937322","2016-03-04 18:40:14.937322"
9404,2,"country",4399,"data_provider","2016-03-04 18:40:15.057898","2016-03-04 18:40:15.057898"
9416,2,"country",4406,"data_provider","2016-03-04 18:40:15.126043","2016-03-04 18:40:15.126043"
9431,2,"country",4414,"data_provider","2016-03-04 18:40:15.207388","2016-03-04 18:40:15.207388"
9451,2,"country",4425,"data_provider","2016-03-04 18:40:15.327778","2016-03-04 18:40:15.327778"
9521,2,"country",4458,"data_provider","2016-03-04 18:40:15.756088","2016-03-04 18:40:15.756088"
9577,2,"country",4488,"data_provider","2016-03-04 18:40:16.106144","2016-03-04 18:40:16.106144"
9587,115,"provider",4488,"data_provider","2016-03-04 18:40:16.133031","2016-03-04 18:40:16.133031"
9605,2,"country",4499,"data_provider","2016-03-04 18:40:16.220829","2016-03-04 18:40:16.220829"
9607,115,"provider",4499,"data_provider","2016-03-04 18:40:16.239125","2016-03-04 18:40:16.239125"
9641,2,"country",4518,"data_provider","2016-03-04 18:40:16.412671","2016-03-04 18:40:16.412671"
9660,2,"country",4527,"data_provider","2016-03-04 18:40:16.499502","2016-03-04 18:40:16.499502"
9673,2,"country",4534,"data_provider","2016-03-04 18:40:16.57984","2016-03-04 18:40:16.57984"
9761,2,"country",4578,"data_provider","2016-03-04 18:40:17.207375","2016-03-04 18:40:17.207375"
10020,2,"country",4704,"provider","2016-03-04 18:40:19.088501","2016-03-04 18:40:19.088501"
10214,2,"country",4797,"data_provider","2016-03-04 18:40:22.050795","2016-03-04 18:40:22.050795"
2379,115,"provider",1163,"data_provider","2015-12-08 07:24:14.769631","2015-12-08 07:24:14.769631"
2381,115,"provider",1164,"data_provider","2015-12-08 07:24:14.794702","2015-12-08 07:24:14.794702"
2385,115,"provider",1166,"data_provider","2015-12-08 07:24:14.84458","2015-12-08 07:24:14.84458"
9421,200,"country",4408,"data_provider","2016-03-04 18:40:15.140601","2016-03-04 18:40:15.140601"
9556,200,"country",4476,"data_provider","2016-03-04 18:40:16.006396","2016-03-04 18:40:16.006396"
9574,200,"country",4484,"data_provider","2016-03-04 18:40:16.085699","2016-03-04 18:40:16.085699"
9522,115,"provider",4455,"data_provider","2016-03-04 18:40:15.757571","2016-03-04 18:40:15.757571"
9537,115,"provider",4464,"data_provider","2016-03-04 18:40:15.855566","2016-03-04 18:40:15.855566"
9553,115,"provider",4471,"data_provider","2016-03-04 18:40:15.99675","2016-03-04 18:40:15.99675"
9573,115,"provider",4482,"data_provider","2016-03-04 18:40:16.077993","2016-03-04 18:40:16.077993"
9592,115,"provider",4493,"data_provider","2016-03-04 18:40:16.16421","2016-03-04 18:40:16.16421"
9621,115,"provider",4502,"data_provider","2016-03-04 18:40:16.2804","2016-03-04 18:40:16.2804"
9633,115,"provider",4510,"data_provider","2016-03-04 18:40:16.337379","2016-03-04 18:40:16.337379"
9640,115,"provider",4515,"data_provider","2016-03-04 18:40:16.402073","2016-03-04 18:40:16.402073"
9661,115,"provider",4524,"data_provider","2016-03-04 18:40:16.505667","2016-03-04 18:40:16.505667"
9676,115,"provider",4533,"data_provider","2016-03-04 18:40:16.5935","2016-03-04 18:40:16.5935"
9697,115,"provider",4544,"data_provider","2016-03-04 18:40:16.729201","2016-03-04 18:40:16.729201"
9712,115,"provider",4552,"data_provider","2016-03-04 18:40:16.852371","2016-03-04 18:40:16.852371"
9724,115,"provider",4557,"data_provider","2016-03-04 18:40:16.915173","2016-03-04 18:40:16.915173"
9736,115,"provider",4561,"data_provider","2016-03-04 18:40:17.019702","2016-03-04 18:40:17.019702"
9748,115,"provider",4568,"data_provider","2016-03-04 18:40:17.113812","2016-03-04 18:40:17.113812"
9760,115,"provider",4574,"data_provider","2016-03-04 18:40:17.197922","2016-03-04 18:40:17.197922"
9775,115,"provider",4582,"data_provider","2016-03-04 18:40:17.282337","2016-03-04 18:40:17.282337"
3634,115,"provider",1790,"data_provider","2015-12-22 00:12:40.310944","2015-12-22 00:12:40.310944"
3662,115,"provider",1802,"data_provider","2015-12-22 03:55:02.784864","2015-12-22 03:55:02.784864"
3664,115,"provider",1803,"data_provider","2015-12-22 03:55:02.813725","2015-12-22 03:55:02.813725"
3666,115,"provider",1804,"data_provider","2015-12-22 03:55:02.842924","2015-12-22 03:55:02.842924"
3668,115,"provider",1805,"data_provider","2015-12-22 03:55:02.872265","2015-12-22 03:55:02.872265"
3670,115,"provider",1806,"data_provider","2015-12-22 03:55:02.926112","2015-12-22 03:55:02.926112"
3672,115,"provider",1807,"data_provider","2015-12-22 03:55:02.955633","2015-12-22 03:55:02.955633"
3674,115,"provider",1808,"data_provider","2015-12-22 03:55:02.984268","2015-12-22 03:55:02.984268"
3676,115,"provider",1809,"data_provider","2015-12-22 03:55:03.013581","2015-12-22 03:55:03.013581"
3678,115,"provider",1810,"data_provider","2015-12-22 03:55:03.042926","2015-12-22 03:55:03.042926"
3680,115,"provider",1811,"data_provider","2015-12-22 03:55:03.076258","2015-12-22 03:55:03.076258"
3682,115,"provider",1812,"data_provider","2015-12-22 03:55:03.13892","2015-12-22 03:55:03.13892"
3684,115,"provider",1813,"data_provider","2015-12-22 03:55:03.167951","2015-12-22 03:55:03.167951"
3686,115,"provider",1814,"data_provider","2015-12-22 03:55:03.196935","2015-12-22 03:55:03.196935"
3688,115,"provider",1815,"data_provider","2015-12-22 03:55:03.226151","2015-12-22 03:55:03.226151"
3690,115,"provider",1816,"data_provider","2015-12-22 03:55:03.255508","2015-12-22 03:55:03.255508"
3807,115,"provider",1870,"data_provider","2015-12-22 04:16:03.298172","2015-12-22 04:16:03.298172"
3938,115,"provider",1913,"data_provider","2015-12-22 09:46:56.697108","2015-12-22 09:46:56.697108"
4204,115,"provider",2050,"data_provider","2015-12-22 10:07:16.914465","2015-12-22 10:07:16.914465"
4347,115,"provider",2118,"data_provider","2015-12-22 12:31:44.166158","2015-12-22 12:31:44.166158"
9787,115,"provider",4587,"data_provider","2016-03-04 18:40:17.37706","2016-03-04 18:40:17.37706"
9798,115,"provider",4593,"data_provider","2016-03-04 18:40:17.460267","2016-03-04 18:40:17.460267"
9812,115,"provider",4599,"data_provider","2016-03-04 18:40:17.539701","2016-03-04 18:40:17.539701"
9825,115,"provider",4605,"data_provider","2016-03-04 18:40:17.619475","2016-03-04 18:40:17.619475"
9841,115,"provider",4614,"data_provider","2016-03-04 18:40:17.684723","2016-03-04 18:40:17.684723"
4640,115,"provider",2250,"data_provider","2015-12-22 14:31:48.138049","2015-12-22 14:31:48.138049"
4944,115,"provider",2383,"data_provider","2015-12-22 19:12:04.476814","2015-12-22 19:12:04.476814"
4946,115,"provider",2384,"data_provider","2015-12-22 19:12:04.527128","2015-12-22 19:12:04.527128"
4948,115,"provider",2385,"data_provider","2015-12-22 19:12:04.5782","2015-12-22 19:12:04.5782"
9857,115,"provider",4621,"data_provider","2016-03-04 18:40:17.779832","2016-03-04 18:40:17.779832"
9875,115,"provider",4630,"data_provider","2016-03-04 18:40:17.876718","2016-03-04 18:40:17.876718"
9889,115,"provider",4636,"data_provider","2016-03-04 18:40:17.980122","2016-03-04 18:40:17.980122"
9905,115,"provider",4643,"data_provider","2016-03-04 18:40:18.064849","2016-03-04 18:40:18.064849"
9915,115,"provider",4650,"data_provider","2016-03-04 18:40:18.15982","2016-03-04 18:40:18.15982"
9927,115,"provider",4655,"data_provider","2016-03-04 18:40:18.240229","2016-03-04 18:40:18.240229"
9939,115,"provider",4662,"data_provider","2016-03-04 18:40:18.311706","2016-03-04 18:40:18.311706"
9948,115,"provider",4666,"data_provider","2016-03-04 18:40:18.368388","2016-03-04 18:40:18.368388"
9956,115,"provider",4670,"data_provider","2016-03-04 18:40:18.446511","2016-03-04 18:40:18.446511"
9962,115,"provider",4673,"data_provider","2016-03-04 18:40:18.550859","2016-03-04 18:40:18.550859"
9972,115,"provider",4678,"data_provider","2016-03-04 18:40:18.676304","2016-03-04 18:40:18.676304"
9983,115,"provider",4685,"data_provider","2016-03-04 18:40:18.77041","2016-03-04 18:40:18.77041"
9995,115,"provider",4689,"data_provider","2016-03-04 18:40:18.86659","2016-03-04 18:40:18.86659"
10006,115,"provider",4694,"data_provider","2016-03-04 18:40:18.938939","2016-03-04 18:40:18.938939"
10015,115,"provider",4699,"data_provider","2016-03-04 18:40:19.032664","2016-03-04 18:40:19.032664"
10028,115,"provider",4705,"data_provider","2016-03-04 18:40:19.15934","2016-03-04 18:40:19.15934"
5175,115,"provider",2492,"data_provider","2015-12-22 20:26:53.609478","2015-12-22 20:26:53.609478"
5177,115,"provider",2493,"data_provider","2015-12-22 20:26:53.647611","2015-12-22 20:26:53.647611"
5222,115,"provider",2505,"data_provider","2015-12-22 20:29:15.788858","2015-12-22 20:29:15.788858"
5322,115,"provider",2557,"data_provider","2015-12-22 20:32:06.957441","2015-12-22 20:32:06.957441"
5551,115,"provider",2666,"data_provider","2015-12-23 05:04:54.24548","2015-12-23 05:04:54.24548"
10097,115,"provider",4740,"data_provider","2016-03-04 18:40:20.040314","2016-03-04 18:40:20.040314"
10034,115,"provider",4709,"data_provider","2016-03-04 18:40:19.223997","2016-03-04 18:40:19.223997"
10040,115,"provider",4713,"data_provider","2016-03-04 18:40:19.28389","2016-03-04 18:40:19.28389"
10047,115,"provider",4715,"data_provider","2016-03-04 18:40:19.368271","2016-03-04 18:40:19.368271"
10053,115,"provider",4718,"data_provider","2016-03-04 18:40:19.442159","2016-03-04 18:40:19.442159"
10059,115,"provider",4721,"data_provider","2016-03-04 18:40:19.549947","2016-03-04 18:40:19.549947"
10063,115,"provider",4723,"data_provider","2016-03-04 18:40:19.649124","2016-03-04 18:40:19.649124"
10071,115,"provider",4727,"data_provider","2016-03-04 18:40:19.733109","2016-03-04 18:40:19.733109"
10080,115,"provider",4731,"data_provider","2016-03-04 18:40:19.80673","2016-03-04 18:40:19.80673"
10084,115,"provider",4733,"data_provider","2016-03-04 18:40:19.896621","2016-03-04 18:40:19.896621"
10093,115,"provider",4736,"data_provider","2016-03-04 18:40:19.9816","2016-03-04 18:40:19.9816"
10102,115,"provider",4742,"data_provider","2016-03-04 18:40:20.108394","2016-03-04 18:40:20.108394"
10107,115,"provider",4745,"data_provider","2016-03-04 18:40:20.202038","2016-03-04 18:40:20.202038"
10115,115,"provider",4749,"data_provider","2016-03-04 18:40:20.288608","2016-03-04 18:40:20.288608"
10122,115,"provider",4752,"data_provider","2016-03-04 18:40:20.356562","2016-03-04 18:40:20.356562"
10128,115,"provider",4755,"data_provider","2016-03-04 18:40:20.457023","2016-03-04 18:40:20.457023"
10135,115,"provider",4758,"data_provider","2016-03-04 18:40:20.539679","2016-03-04 18:40:20.539679"
10141,115,"provider",4760,"data_provider","2016-03-04 18:40:20.675255","2016-03-04 18:40:20.675255"
10151,115,"provider",4766,"data_provider","2016-03-04 18:40:20.767647","2016-03-04 18:40:20.767647"
10155,115,"provider",4767,"data_provider","2016-03-04 18:40:20.823548","2016-03-04 18:40:20.823548"
10161,115,"provider",4771,"data_provider","2016-03-04 18:40:20.92606","2016-03-04 18:40:20.92606"
10167,115,"provider",4774,"data_provider","2016-03-04 18:40:21.005514","2016-03-04 18:40:21.005514"
10175,115,"provider",4777,"data_provider","2016-03-04 18:40:21.132833","2016-03-04 18:40:21.132833"
8192,115,"provider",3973,"data_provider","2016-01-04 14:22:41.733736","2016-01-04 14:22:41.733736"
8290,115,"provider",4010,"data_provider","2016-02-11 19:22:13.989324","2016-02-11 19:22:13.989324"
8295,2,"country",218,"provider","2016-02-11 19:22:41.975043","2016-02-11 19:22:41.975043"
8296,2,"country",4012,"data_provider","2016-02-11 19:22:42.278024","2016-02-11 19:22:42.278024"
8298,2,"country",4013,"data_provider","2016-02-11 19:22:45.35519","2016-02-11 19:22:45.35519"
8300,2,"country",3992,"provider","2016-02-11 19:22:47.183848","2016-02-11 19:22:47.183848"
8311,115,"provider",217,"data_provider","2016-02-11 19:23:52.563693","2016-02-11 19:23:52.563693"
8312,200,"country",4018,"data_provider","2016-02-11 19:23:54.144933","2016-02-11 19:23:54.144933"
8314,200,"country",3992,"provider","2016-02-11 19:23:55.003769","2016-02-11 19:23:55.003769"
8317,115,"provider",4019,"data_provider","2016-02-11 19:24:08.435924","2016-02-11 19:24:08.435924"
8390,115,"provider",673,"data_provider","2016-02-11 19:25:21.589528","2016-02-11 19:25:21.589528"
8391,115,"provider",674,"data_provider","2016-02-11 19:25:21.656192","2016-02-11 19:25:21.656192"
8392,115,"provider",676,"data_provider","2016-02-11 19:25:21.722335","2016-02-11 19:25:21.722335"
8393,115,"provider",677,"data_provider","2016-02-11 19:25:21.815988","2016-02-11 19:25:21.815988"
8394,115,"provider",672,"data_provider","2016-02-11 19:25:21.903797","2016-02-11 19:25:21.903797"
8395,115,"provider",681,"data_provider","2016-02-11 19:25:21.926209","2016-02-11 19:25:21.926209"
8396,115,"provider",684,"data_provider","2016-02-11 19:25:21.978869","2016-02-11 19:25:21.978869"
8398,115,"provider",687,"data_provider","2016-02-11 19:25:22.165589","2016-02-11 19:25:22.165589"
8399,115,"provider",691,"data_provider","2016-02-11 19:25:22.228049","2016-02-11 19:25:22.228049"
8402,115,"provider",688,"data_provider","2016-02-11 19:25:22.30092","2016-02-11 19:25:22.30092"
8404,115,"provider",690,"data_provider","2016-02-11 19:25:22.517281","2016-02-11 19:25:22.517281"
8405,115,"provider",692,"data_provider","2016-02-11 19:25:22.586035","2016-02-11 19:25:22.586035"
8406,115,"provider",694,"data_provider","2016-02-11 19:25:22.647359","2016-02-11 19:25:22.647359"
8407,115,"provider",698,"data_provider","2016-02-11 19:25:22.700314","2016-02-11 19:25:22.700314"
8408,115,"provider",695,"data_provider","2016-02-11 19:25:22.799983","2016-02-11 19:25:22.799983"
8410,115,"provider",699,"data_provider","2016-02-11 19:25:22.892698","2016-02-11 19:25:22.892698"
8412,115,"provider",697,"data_provider","2016-02-11 19:25:22.910448","2016-02-11 19:25:22.910448"
8415,115,"provider",762,"data_provider","2016-02-11 19:25:23.251832","2016-02-11 19:25:23.251832"
8416,115,"provider",702,"data_provider","2016-02-11 19:25:23.372827","2016-02-11 19:25:23.372827"
8418,115,"provider",709,"data_provider","2016-02-11 19:25:23.486864","2016-02-11 19:25:23.486864"
8420,115,"provider",807,"data_provider","2016-02-11 19:25:23.585906","2016-02-11 19:25:23.585906"
8421,115,"provider",852,"data_provider","2016-02-11 19:25:23.670193","2016-02-11 19:25:23.670193"
8422,115,"provider",794,"data_provider","2016-02-11 19:25:23.792025","2016-02-11 19:25:23.792025"
8424,115,"provider",707,"data_provider","2016-02-11 19:25:23.840031","2016-02-11 19:25:23.840031"
8427,115,"provider",731,"data_provider","2016-02-11 19:25:23.995762","2016-02-11 19:25:23.995762"
8428,115,"provider",706,"data_provider","2016-02-11 19:25:24.044106","2016-02-11 19:25:24.044106"
8429,115,"provider",714,"data_provider","2016-02-11 19:25:24.063964","2016-02-11 19:25:24.063964"
8432,115,"provider",704,"data_provider","2016-02-11 19:25:24.114731","2016-02-11 19:25:24.114731"
8433,115,"provider",703,"data_provider","2016-02-11 19:25:24.153574","2016-02-11 19:25:24.153574"
8437,115,"provider",720,"data_provider","2016-02-11 19:25:24.303483","2016-02-11 19:25:24.303483"
8438,115,"provider",793,"data_provider","2016-02-11 19:25:24.356871","2016-02-11 19:25:24.356871"
8439,115,"provider",725,"data_provider","2016-02-11 19:25:24.388226","2016-02-11 19:25:24.388226"
8440,115,"provider",705,"data_provider","2016-02-11 19:25:24.40918","2016-02-11 19:25:24.40918"
8441,115,"provider",708,"data_provider","2016-02-11 19:25:24.435692","2016-02-11 19:25:24.435692"
8443,115,"provider",826,"data_provider","2016-02-11 19:25:24.489377","2016-02-11 19:25:24.489377"
8445,115,"provider",820,"data_provider","2016-02-11 19:25:24.603544","2016-02-11 19:25:24.603544"
8447,115,"provider",711,"data_provider","2016-02-11 19:25:24.713567","2016-02-11 19:25:24.713567"
8449,115,"provider",727,"data_provider","2016-02-11 19:25:24.778526","2016-02-11 19:25:24.778526"
8451,115,"provider",715,"data_provider","2016-02-11 19:25:24.819291","2016-02-11 19:25:24.819291"
8452,115,"provider",749,"data_provider","2016-02-11 19:25:24.851012","2016-02-11 19:25:24.851012"
8453,115,"provider",771,"data_provider","2016-02-11 19:25:24.874576","2016-02-11 19:25:24.874576"
8454,115,"provider",735,"data_provider","2016-02-11 19:25:24.998358","2016-02-11 19:25:24.998358"
8456,115,"provider",716,"data_provider","2016-02-11 19:25:25.043461","2016-02-11 19:25:25.043461"
8459,115,"provider",757,"data_provider","2016-02-11 19:25:25.148183","2016-02-11 19:25:25.148183"
8460,115,"provider",718,"data_provider","2016-02-11 19:25:25.226684","2016-02-11 19:25:25.226684"
8461,115,"provider",777,"data_provider","2016-02-11 19:25:25.252418","2016-02-11 19:25:25.252418"
8464,115,"provider",719,"data_provider","2016-02-11 19:25:25.385146","2016-02-11 19:25:25.385146"
8465,115,"provider",721,"data_provider","2016-02-11 19:25:25.428129","2016-02-11 19:25:25.428129"
8467,115,"provider",743,"data_provider","2016-02-11 19:25:25.483348","2016-02-11 19:25:25.483348"
8470,115,"provider",811,"data_provider","2016-02-11 19:25:25.685269","2016-02-11 19:25:25.685269"
8472,115,"provider",723,"data_provider","2016-02-11 19:25:25.782856","2016-02-11 19:25:25.782856"
8473,115,"provider",728,"data_provider","2016-02-11 19:25:25.833718","2016-02-11 19:25:25.833718"
8474,115,"provider",832,"data_provider","2016-02-11 19:25:25.856883","2016-02-11 19:25:25.856883"
8477,115,"provider",4059,"data_provider","2016-02-11 19:25:25.998685","2016-02-11 19:25:25.998685"
8479,115,"provider",821,"data_provider","2016-02-11 19:25:26.090017","2016-02-11 19:25:26.090017"
8480,115,"provider",755,"data_provider","2016-02-11 19:25:26.112149","2016-02-11 19:25:26.112149"
8481,115,"provider",822,"data_provider","2016-02-11 19:25:26.128606","2016-02-11 19:25:26.128606"
8482,115,"provider",782,"data_provider","2016-02-11 19:25:26.166277","2016-02-11 19:25:26.166277"
8485,115,"provider",810,"data_provider","2016-02-11 19:25:26.235758","2016-02-11 19:25:26.235758"
8486,115,"provider",733,"data_provider","2016-02-11 19:25:26.274877","2016-02-11 19:25:26.274877"
8487,115,"provider",730,"data_provider","2016-02-11 19:25:26.301762","2016-02-11 19:25:26.301762"
8490,115,"provider",734,"data_provider","2016-02-11 19:25:26.350068","2016-02-11 19:25:26.350068"
8493,115,"provider",738,"data_provider","2016-02-11 19:25:26.44654","2016-02-11 19:25:26.44654"
8494,115,"provider",739,"data_provider","2016-02-11 19:25:26.485569","2016-02-11 19:25:26.485569"
8497,115,"provider",833,"data_provider","2016-02-11 19:25:26.60629","2016-02-11 19:25:26.60629"
8498,115,"provider",837,"data_provider","2016-02-11 19:25:26.626088","2016-02-11 19:25:26.626088"
8499,115,"provider",740,"data_provider","2016-02-11 19:25:26.644027","2016-02-11 19:25:26.644027"
8500,115,"provider",767,"data_provider","2016-02-11 19:25:26.699553","2016-02-11 19:25:26.699553"
8502,115,"provider",742,"data_provider","2016-02-11 19:25:26.740139","2016-02-11 19:25:26.740139"
8503,115,"provider",756,"data_provider","2016-02-11 19:25:26.78148","2016-02-11 19:25:26.78148"
8504,115,"provider",741,"data_provider","2016-02-11 19:25:26.803758","2016-02-11 19:25:26.803758"
8506,115,"provider",880,"data_provider","2016-02-11 19:25:26.846132","2016-02-11 19:25:26.846132"
8507,115,"provider",745,"data_provider","2016-02-11 19:25:26.865461","2016-02-11 19:25:26.865461"
8508,115,"provider",748,"data_provider","2016-02-11 19:25:26.905396","2016-02-11 19:25:26.905396"
8509,115,"provider",744,"data_provider","2016-02-11 19:25:26.928163","2016-02-11 19:25:26.928163"
8510,115,"provider",892,"data_provider","2016-02-11 19:25:26.951745","2016-02-11 19:25:26.951745"
8512,115,"provider",760,"data_provider","2016-02-11 19:25:26.99517","2016-02-11 19:25:26.99517"
8513,115,"provider",838,"data_provider","2016-02-11 19:25:27.019748","2016-02-11 19:25:27.019748"
8514,115,"provider",746,"data_provider","2016-02-11 19:25:27.035906","2016-02-11 19:25:27.035906"
8515,115,"provider",759,"data_provider","2016-02-11 19:25:27.05917","2016-02-11 19:25:27.05917"
8517,115,"provider",795,"data_provider","2016-02-11 19:25:27.160977","2016-02-11 19:25:27.160977"
8518,115,"provider",758,"data_provider","2016-02-11 19:25:27.183811","2016-02-11 19:25:27.183811"
8519,115,"provider",800,"data_provider","2016-02-11 19:25:27.249674","2016-02-11 19:25:27.249674"
8521,115,"provider",4060,"data_provider","2016-02-11 19:25:27.309276","2016-02-11 19:25:27.309276"
8523,115,"provider",4061,"data_provider","2016-02-11 19:25:27.375589","2016-02-11 19:25:27.375589"
8527,115,"provider",780,"data_provider","2016-02-11 19:25:27.44801","2016-02-11 19:25:27.44801"
8528,115,"provider",751,"data_provider","2016-02-11 19:25:27.496746","2016-02-11 19:25:27.496746"
8530,115,"provider",772,"data_provider","2016-02-11 19:25:27.5449","2016-02-11 19:25:27.5449"
8533,115,"provider",765,"data_provider","2016-02-11 19:25:27.618732","2016-02-11 19:25:27.618732"
8534,115,"provider",787,"data_provider","2016-02-11 19:25:27.678176","2016-02-11 19:25:27.678176"
8537,115,"provider",841,"data_provider","2016-02-11 19:25:27.823479","2016-02-11 19:25:27.823479"
8538,115,"provider",783,"data_provider","2016-02-11 19:25:27.8482","2016-02-11 19:25:27.8482"
8542,115,"provider",4062,"data_provider","2016-02-11 19:25:27.988438","2016-02-11 19:25:27.988438"
8543,115,"provider",805,"data_provider","2016-02-11 19:25:28.064036","2016-02-11 19:25:28.064036"
8545,115,"provider",770,"data_provider","2016-02-11 19:25:28.111596","2016-02-11 19:25:28.111596"
8546,115,"provider",769,"data_provider","2016-02-11 19:25:28.131313","2016-02-11 19:25:28.131313"
8547,115,"provider",804,"data_provider","2016-02-11 19:25:28.151766","2016-02-11 19:25:28.151766"
8548,115,"provider",812,"data_provider","2016-02-11 19:25:28.174492","2016-02-11 19:25:28.174492"
8549,115,"provider",867,"data_provider","2016-02-11 19:25:28.205392","2016-02-11 19:25:28.205392"
8551,115,"provider",775,"data_provider","2016-02-11 19:25:28.25964","2016-02-11 19:25:28.25964"
8552,115,"provider",899,"data_provider","2016-02-11 19:25:28.345187","2016-02-11 19:25:28.345187"
8553,115,"provider",778,"data_provider","2016-02-11 19:25:28.363546","2016-02-11 19:25:28.363546"
8555,115,"provider",4063,"data_provider","2016-02-11 19:25:28.504912","2016-02-11 19:25:28.504912"
8557,115,"provider",859,"data_provider","2016-02-11 19:25:28.556333","2016-02-11 19:25:28.556333"
8560,115,"provider",790,"data_provider","2016-02-11 19:25:28.844008","2016-02-11 19:25:28.844008"
8562,115,"provider",791,"data_provider","2016-02-11 19:25:28.885869","2016-02-11 19:25:28.885869"
8565,115,"provider",796,"data_provider","2016-02-11 19:25:28.979341","2016-02-11 19:25:28.979341"
8566,115,"provider",789,"data_provider","2016-02-11 19:25:29.046648","2016-02-11 19:25:29.046648"
8568,115,"provider",802,"data_provider","2016-02-11 19:25:29.218455","2016-02-11 19:25:29.218455"
8569,115,"provider",798,"data_provider","2016-02-11 19:25:29.248114","2016-02-11 19:25:29.248114"
8572,115,"provider",792,"data_provider","2016-02-11 19:25:29.320628","2016-02-11 19:25:29.320628"
8573,115,"provider",827,"data_provider","2016-02-11 19:25:29.362378","2016-02-11 19:25:29.362378"
8575,115,"provider",831,"data_provider","2016-02-11 19:25:29.42598","2016-02-11 19:25:29.42598"
8577,115,"provider",4064,"data_provider","2016-02-11 19:25:29.56922","2016-02-11 19:25:29.56922"
8579,115,"provider",803,"data_provider","2016-02-11 19:25:29.637131","2016-02-11 19:25:29.637131"
8584,115,"provider",4065,"data_provider","2016-02-11 19:25:29.874289","2016-02-11 19:25:29.874289"
8586,115,"provider",4066,"data_provider","2016-02-11 19:25:29.965044","2016-02-11 19:25:29.965044"
8588,115,"provider",4067,"data_provider","2016-02-11 19:25:30.071732","2016-02-11 19:25:30.071732"
8590,115,"provider",815,"data_provider","2016-02-11 19:25:30.12866","2016-02-11 19:25:30.12866"
8591,115,"provider",872,"data_provider","2016-02-11 19:25:30.267544","2016-02-11 19:25:30.267544"
8594,115,"provider",839,"data_provider","2016-02-11 19:25:30.443044","2016-02-11 19:25:30.443044"
8596,115,"provider",4068,"data_provider","2016-02-11 19:25:30.618419","2016-02-11 19:25:30.618419"
8598,115,"provider",4069,"data_provider","2016-02-11 19:25:30.783347","2016-02-11 19:25:30.783347"
8599,115,"provider",846,"data_provider","2016-02-11 19:25:30.830474","2016-02-11 19:25:30.830474"
8600,115,"provider",825,"data_provider","2016-02-11 19:25:30.870601","2016-02-11 19:25:30.870601"
8606,115,"provider",855,"data_provider","2016-02-11 19:25:31.055122","2016-02-11 19:25:31.055122"
8607,115,"provider",829,"data_provider","2016-02-11 19:25:31.090752","2016-02-11 19:25:31.090752"
8608,115,"provider",830,"data_provider","2016-02-11 19:25:31.118207","2016-02-11 19:25:31.118207"
8610,115,"provider",858,"data_provider","2016-02-11 19:25:31.171857","2016-02-11 19:25:31.171857"
8611,115,"provider",835,"data_provider","2016-02-11 19:25:31.246824","2016-02-11 19:25:31.246824"
8613,115,"provider",842,"data_provider","2016-02-11 19:25:31.321585","2016-02-11 19:25:31.321585"
8615,115,"provider",4070,"data_provider","2016-02-11 19:25:31.434331","2016-02-11 19:25:31.434331"
8617,115,"provider",868,"data_provider","2016-02-11 19:25:31.49811","2016-02-11 19:25:31.49811"
8618,115,"provider",898,"data_provider","2016-02-11 19:25:31.528928","2016-02-11 19:25:31.528928"
8620,115,"provider",844,"data_provider","2016-02-11 19:25:31.634856","2016-02-11 19:25:31.634856"
8621,115,"provider",861,"data_provider","2016-02-11 19:25:31.68127","2016-02-11 19:25:31.68127"
8622,115,"provider",848,"data_provider","2016-02-11 19:25:31.711716","2016-02-11 19:25:31.711716"
8625,115,"provider",856,"data_provider","2016-02-11 19:25:31.788384","2016-02-11 19:25:31.788384"
8626,115,"provider",862,"data_provider","2016-02-11 19:25:31.814502","2016-02-11 19:25:31.814502"
8629,115,"provider",860,"data_provider","2016-02-11 19:25:31.992112","2016-02-11 19:25:31.992112"
8630,115,"provider",877,"data_provider","2016-02-11 19:25:32.028874","2016-02-11 19:25:32.028874"
8631,115,"provider",864,"data_provider","2016-02-11 19:25:32.062126","2016-02-11 19:25:32.062126"
8632,115,"provider",870,"data_provider","2016-02-11 19:25:32.089986","2016-02-11 19:25:32.089986"
8635,115,"provider",881,"data_provider","2016-02-11 19:25:32.255366","2016-02-11 19:25:32.255366"
8637,115,"provider",869,"data_provider","2016-02-11 19:25:32.341384","2016-02-11 19:25:32.341384"
8638,115,"provider",873,"data_provider","2016-02-11 19:25:32.363906","2016-02-11 19:25:32.363906"
8639,115,"provider",876,"data_provider","2016-02-11 19:25:32.389904","2016-02-11 19:25:32.389904"
8641,115,"provider",4073,"data_provider","2016-02-11 19:25:32.546988","2016-02-11 19:25:32.546988"
8642,115,"provider",895,"data_provider","2016-02-11 19:25:32.598865","2016-02-11 19:25:32.598865"
8643,115,"provider",878,"data_provider","2016-02-11 19:25:32.629879","2016-02-11 19:25:32.629879"
8645,115,"provider",4074,"data_provider","2016-02-11 19:25:32.700011","2016-02-11 19:25:32.700011"
8647,115,"provider",890,"data_provider","2016-02-11 19:25:32.758294","2016-02-11 19:25:32.758294"
8648,115,"provider",883,"data_provider","2016-02-11 19:25:32.785229","2016-02-11 19:25:32.785229"
8649,115,"provider",885,"data_provider","2016-02-11 19:25:32.81775","2016-02-11 19:25:32.81775"
8652,115,"provider",889,"data_provider","2016-02-11 19:25:32.997144","2016-02-11 19:25:32.997144"
8654,115,"provider",4075,"data_provider","2016-02-11 19:25:33.122839","2016-02-11 19:25:33.122839"
8656,115,"provider",4076,"data_provider","2016-02-11 19:25:33.224342","2016-02-11 19:25:33.224342"
8658,115,"provider",902,"data_provider","2016-02-11 19:25:33.285972","2016-02-11 19:25:33.285972"
8659,115,"provider",903,"data_provider","2016-02-11 19:25:33.310711","2016-02-11 19:25:33.310711"
8661,115,"provider",4077,"data_provider","2016-02-11 19:25:33.463909","2016-02-11 19:25:33.463909"
8662,115,"provider",901,"data_provider","2016-02-11 19:25:33.510328","2016-02-11 19:25:33.510328"
8665,115,"provider",900,"data_provider","2016-02-11 19:25:33.59367","2016-02-11 19:25:33.59367"
8667,115,"provider",4078,"data_provider","2016-02-11 19:25:33.709386","2016-02-11 19:25:33.709386"
8668,115,"provider",910,"data_provider","2016-02-11 19:25:33.789583","2016-02-11 19:25:33.789583"
8669,115,"provider",904,"data_provider","2016-02-11 19:25:33.949507","2016-02-11 19:25:33.949507"
8670,115,"provider",905,"data_provider","2016-02-11 19:25:33.975819","2016-02-11 19:25:33.975819"
8672,115,"provider",4079,"data_provider","2016-02-11 19:25:34.094476","2016-02-11 19:25:34.094476"
8673,115,"provider",907,"data_provider","2016-02-11 19:25:34.125517","2016-02-11 19:25:34.125517"
8674,115,"provider",908,"data_provider","2016-02-11 19:25:34.209569","2016-02-11 19:25:34.209569"
8675,115,"provider",909,"data_provider","2016-02-11 19:25:34.329143","2016-02-11 19:25:34.329143"
8730,115,"provider",2004,"data_provider","2016-02-11 21:00:33.918971","2016-02-11 21:00:33.918971"
8767,115,"provider",4110,"data_provider","2016-03-04 05:05:51.655602","2016-03-04 05:05:51.655602"
8769,115,"provider",4111,"data_provider","2016-03-04 05:05:51.703196","2016-03-04 05:05:51.703196"
8771,115,"provider",4112,"data_provider","2016-03-04 05:05:51.751059","2016-03-04 05:05:51.751059"
8780,200,"country",4117,"data_provider","2016-03-04 05:05:52.142014","2016-03-04 05:05:52.142014"
8782,115,"provider",4117,"data_provider","2016-03-04 05:05:52.162986","2016-03-04 05:05:52.162986"
8783,200,"country",4118,"data_provider","2016-03-04 05:05:52.221315","2016-03-04 05:05:52.221315"
8784,115,"provider",4118,"data_provider","2016-03-04 05:05:52.240203","2016-03-04 05:05:52.240203"
8787,200,"country",4120,"data_provider","2016-03-04 05:05:52.27742","2016-03-04 05:05:52.27742"
8788,115,"provider",4120,"data_provider","2016-03-04 05:05:52.298922","2016-03-04 05:05:52.298922"
8795,115,"provider",4123,"data_provider","2016-03-04 05:05:52.421297","2016-03-04 05:05:52.421297"
8802,115,"provider",4125,"data_provider","2016-03-04 05:05:52.482726","2016-03-04 05:05:52.482726"
8804,115,"provider",4126,"data_provider","2016-03-04 05:05:52.542138","2016-03-04 05:05:52.542138"
8807,115,"provider",4127,"data_provider","2016-03-04 05:05:52.576446","2016-03-04 05:05:52.576446"
8816,115,"provider",4131,"data_provider","2016-03-04 05:05:52.664809","2016-03-04 05:05:52.664809"
9148,115,"provider",4274,"data_provider","2016-03-04 05:05:59.055215","2016-03-04 05:05:59.055215"
8925,115,"provider",627,"data_provider","2016-03-04 05:05:54.210575","2016-03-04 05:05:54.210575"
8822,2,"country",4134,"data_provider","2016-03-04 05:05:52.79738","2016-03-04 05:05:52.79738"
8823,115,"provider",4134,"data_provider","2016-03-04 05:05:52.816562","2016-03-04 05:05:52.816562"
9046,2,"country",4232,"provider","2016-03-04 05:05:55.743303","2016-03-04 05:05:55.743303"
9124,2,"country",2123,"provider","2016-03-04 05:05:58.315998","2016-03-04 05:05:58.315998"
9133,2,"country",4267,"data_provider","2016-03-04 05:05:58.551773","2016-03-04 05:05:58.551773"
9136,2,"country",4269,"data_provider","2016-03-04 05:05:58.634697","2016-03-04 05:05:58.634697"
9138,2,"country",4270,"data_provider","2016-03-04 05:05:58.732602","2016-03-04 05:05:58.732602"
9140,2,"country",4271,"data_provider","2016-03-04 05:05:58.822358","2016-03-04 05:05:58.822358"
9142,2,"country",4272,"data_provider","2016-03-04 05:05:58.912848","2016-03-04 05:05:58.912848"
9145,2,"country",4273,"data_provider","2016-03-04 05:05:59.036563","2016-03-04 05:05:59.036563"
9149,2,"country",4275,"data_provider","2016-03-04 05:05:59.104231","2016-03-04 05:05:59.104231"
9153,2,"country",4277,"data_provider","2016-03-04 05:05:59.230437","2016-03-04 05:05:59.230437"
9157,2,"country",4279,"data_provider","2016-03-04 05:05:59.293189","2016-03-04 05:05:59.293189"
9188,2,"country",4293,"provider","2016-03-04 05:33:44.40449","2016-03-04 05:33:44.40449"
9001,115,"provider",4210,"data_provider","2016-03-04 05:05:55.027894","2016-03-04 05:05:55.027894"
8954,200,"country",2123,"provider","2016-03-04 05:05:54.52342","2016-03-04 05:05:54.52342"
8971,200,"country",4200,"data_provider","2016-03-04 05:05:54.70679","2016-03-04 05:05:54.70679"
8981,200,"country",4204,"data_provider","2016-03-04 05:05:54.825193","2016-03-04 05:05:54.825193"
8987,200,"country",4207,"data_provider","2016-03-04 05:05:54.897944","2016-03-04 05:05:54.897944"
8995,200,"country",4211,"data_provider","2016-03-04 05:05:54.987153","2016-03-04 05:05:54.987153"
9007,200,"country",4216,"data_provider","2016-03-04 05:05:55.071307","2016-03-04 05:05:55.071307"
9013,200,"country",4218,"data_provider","2016-03-04 05:05:55.132305","2016-03-04 05:05:55.132305"
